scenario,simulation,sampled_edges,accepted_identity_reduction,oversized_sampled_components,estimated_identity_count
review_only,1,13608,13393,0,319607
review_only,2,13516,13289,0,319711
review_only,3,13587,13354,0,319646
review_only,4,13557,13339,0,319661
review_only,5,13537,13331,0,319669
review_only,6,13511,13294,0,319706
review_only,7,13657,13427,0,319573
review_only,8,13368,13150,0,319850
review_only,9,13407,13197,0,319803
review_only,10,13663,13443,0,319557
review_only,11,13507,13286,0,319714
review_only,12,13615,13397,0,319603
review_only,13,13435,13222,0,319778
review_only,14,13511,13307,0,319693
review_only,15,13558,13344,0,319656
review_only,16,13611,13382,0,319618
review_only,17,13527,13298,0,319702
review_only,18,13630,13414,0,319586
review_only,19,13489,13290,0,319710
review_only,20,13691,13466,0,319534
review_only,21,13504,13283,0,319717
review_only,22,13499,13281,0,319719
review_only,23,13517,13295,0,319705
review_only,24,13421,13219,0,319781
review_only,25,13490,13276,0,319724
review_only,26,13559,13339,0,319661
review_only,27,13570,13353,0,319647
review_only,28,13458,13245,0,319755
review_only,29,13465,13254,0,319746
review_only,30,13673,13448,0,319552
review_only,31,13473,13256,0,319744
review_only,32,13623,13387,0,319613
review_only,33,13446,13222,0,319778
review_only,34,13532,13314,0,319686
review_only,35,13555,13321,0,319679
review_only,36,13510,13298,0,319702
review_only,37,13554,13339,0,319661
review_only,38,13522,13303,0,319697
review_only,39,13562,13345,0,319655
review_only,40,13521,13311,0,319689
review_only,41,13525,13291,0,319709
review_only,42,13571,13361,0,319639
review_only,43,13521,13299,0,319701
review_only,44,13498,13277,0,319723
review_only,45,13608,13390,0,319610
review_only,46,13537,13318,0,319682
review_only,47,13580,13366,0,319634
review_only,48,13599,13367,0,319633
review_only,49,13434,13210,0,319790
review_only,50,13623,13391,0,319609
review_only,51,13517,13308,0,319692
review_only,52,13496,13278,0,319722
review_only,53,13483,13268,0,319732
review_only,54,13437,13231,0,319769
review_only,55,13678,13452,0,319548
review_only,56,13675,13445,0,319555
review_only,57,13580,13359,0,319641
review_only,58,13457,13247,0,319753
review_only,59,13528,13314,0,319686
review_only,60,13665,13445,0,319555
review_only,61,13529,13319,0,319681
review_only,62,13505,13283,0,319717
review_only,63,13642,13428,0,319572
review_only,64,13489,13267,0,319733
review_only,65,13522,13300,0,319700
review_only,66,13526,13315,0,319685
review_only,67,13539,13318,0,319682
review_only,68,13503,13284,0,319716
review_only,69,13412,13199,0,319801
review_only,70,13572,13342,0,319658
review_only,71,13541,13320,0,319680
review_only,72,13538,13323,0,319677
review_only,73,13619,13396,0,319604
review_only,74,13503,13276,0,319724
review_only,75,13576,13338,0,319662
review_only,76,13557,13345,0,319655
review_only,77,13596,13370,0,319630
review_only,78,13558,13349,0,319651
review_only,79,13547,13314,0,319686
review_only,80,13471,13248,0,319752
review_only,81,13540,13319,0,319681
review_only,82,13579,13354,0,319646
review_only,83,13468,13257,0,319743
review_only,84,13596,13378,0,319622
review_only,85,13617,13400,0,319600
review_only,86,13548,13341,0,319659
review_only,87,13500,13270,0,319730
review_only,88,13617,13389,0,319611
review_only,89,13603,13403,0,319597
review_only,90,13596,13375,0,319625
review_only,91,13578,13355,0,319645
review_only,92,13553,13336,0,319664
review_only,93,13486,13284,0,319716
review_only,94,13421,13202,0,319798
review_only,95,13449,13236,0,319764
review_only,96,13627,13413,0,319587
review_only,97,13510,13304,0,319696
review_only,98,13520,13297,0,319703
review_only,99,13470,13242,0,319758
review_only,100,13636,13413,0,319587
review_only,101,13578,13366,0,319634
review_only,102,13548,13326,0,319674
review_only,103,13525,13311,0,319689
review_only,104,13636,13408,0,319592
review_only,105,13550,13330,0,319670
review_only,106,13647,13411,0,319589
review_only,107,13568,13350,0,319650
review_only,108,13693,13470,0,319530
review_only,109,13490,13271,0,319729
review_only,110,13630,13398,0,319602
review_only,111,13665,13448,0,319552
review_only,112,13730,13494,0,319506
review_only,113,13489,13251,0,319749
review_only,114,13481,13263,0,319737
review_only,115,13694,13459,0,319541
review_only,116,13474,13270,0,319730
review_only,117,13601,13375,0,319625
review_only,118,13680,13446,0,319554
review_only,119,13576,13343,0,319657
review_only,120,13509,13306,0,319694
review_only,121,13554,13331,0,319669
review_only,122,13562,13342,0,319658
review_only,123,13526,13300,0,319700
review_only,124,13685,13456,0,319544
review_only,125,13546,13330,0,319670
review_only,126,13463,13248,0,319752
review_only,127,13541,13327,0,319673
review_only,128,13377,13178,0,319822
review_only,129,13548,13325,0,319675
review_only,130,13539,13319,0,319681
review_only,131,13455,13242,0,319758
review_only,132,13434,13209,0,319791
review_only,133,13564,13338,0,319662
review_only,134,13515,13290,0,319710
review_only,135,13480,13268,0,319732
review_only,136,13568,13352,0,319648
review_only,137,13580,13374,0,319626
review_only,138,13558,13338,0,319662
review_only,139,13529,13311,0,319689
review_only,140,13490,13272,0,319728
review_only,141,13528,13313,0,319687
review_only,142,13444,13224,0,319776
review_only,143,13659,13456,0,319544
review_only,144,13527,13309,0,319691
review_only,145,13714,13481,0,319519
review_only,146,13538,13329,0,319671
review_only,147,13534,13309,0,319691
review_only,148,13484,13264,0,319736
review_only,149,13463,13239,0,319761
review_only,150,13533,13315,0,319685
review_only,151,13594,13378,0,319622
review_only,152,13405,13187,0,319813
review_only,153,13513,13293,0,319707
review_only,154,13721,13487,0,319513
review_only,155,13582,13353,0,319647
review_only,156,13450,13246,0,319754
review_only,157,13610,13366,0,319634
review_only,158,13555,13344,0,319656
review_only,159,13592,13375,0,319625
review_only,160,13515,13295,0,319705
review_only,161,13562,13341,0,319659
review_only,162,13661,13434,0,319566
review_only,163,13607,13382,0,319618
review_only,164,13573,13350,0,319650
review_only,165,13521,13319,0,319681
review_only,166,13513,13281,0,319719
review_only,167,13505,13296,0,319704
review_only,168,13596,13376,0,319624
review_only,169,13609,13375,0,319625
review_only,170,13518,13296,0,319704
review_only,171,13641,13422,0,319578
review_only,172,13540,13310,0,319690
review_only,173,13577,13365,0,319635
review_only,174,13511,13292,0,319708
review_only,175,13519,13310,0,319690
review_only,176,13488,13262,0,319738
review_only,177,13575,13348,0,319652
review_only,178,13441,13237,0,319763
review_only,179,13544,13316,0,319684
review_only,180,13558,13340,0,319660
review_only,181,13528,13294,0,319706
review_only,182,13471,13246,0,319754
review_only,183,13678,13443,0,319557
review_only,184,13513,13300,0,319700
review_only,185,13514,13295,0,319705
review_only,186,13541,13310,0,319690
review_only,187,13530,13314,0,319686
review_only,188,13548,13324,0,319676
review_only,189,13625,13393,0,319607
review_only,190,13481,13274,0,319726
review_only,191,13561,13332,0,319668
review_only,192,13594,13373,0,319627
review_only,193,13458,13238,0,319762
review_only,194,13553,13338,0,319662
review_only,195,13525,13302,0,319698
review_only,196,13503,13274,0,319726
review_only,197,13522,13300,0,319700
review_only,198,13464,13245,0,319755
review_only,199,13560,13337,0,319663
review_only,200,13536,13318,0,319682
review_only,201,13623,13399,0,319601
review_only,202,13563,13348,0,319652
review_only,203,13581,13361,0,319639
review_only,204,13581,13362,0,319638
review_only,205,13508,13280,0,319720
review_only,206,13561,13344,0,319656
review_only,207,13558,13328,0,319672
review_only,208,13436,13211,0,319789
review_only,209,13498,13274,0,319726
review_only,210,13644,13422,0,319578
review_only,211,13575,13338,0,319662
review_only,212,13568,13346,0,319654
review_only,213,13557,13339,0,319661
review_only,214,13603,13383,0,319617
review_only,215,13555,13337,0,319663
review_only,216,13520,13298,0,319702
review_only,217,13534,13321,0,319679
review_only,218,13570,13352,0,319648
review_only,219,13539,13316,0,319684
review_only,220,13516,13301,0,319699
review_only,221,13676,13451,0,319549
review_only,222,13461,13234,0,319766
review_only,223,13550,13326,0,319674
review_only,224,13473,13255,0,319745
review_only,225,13546,13327,0,319673
review_only,226,13517,13293,0,319707
review_only,227,13565,13352,0,319648
review_only,228,13565,13338,0,319662
review_only,229,13537,13323,0,319677
review_only,230,13458,13255,0,319745
review_only,231,13400,13184,0,319816
review_only,232,13554,13342,0,319658
review_only,233,13667,13460,0,319540
review_only,234,13608,13373,0,319627
review_only,235,13580,13369,0,319631
review_only,236,13611,13407,0,319593
review_only,237,13579,13357,0,319643
review_only,238,13559,13334,0,319666
review_only,239,13627,13399,0,319601
review_only,240,13434,13226,0,319774
review_only,241,13544,13333,0,319667
review_only,242,13571,13341,0,319659
review_only,243,13525,13323,0,319677
review_only,244,13577,13357,0,319643
review_only,245,13526,13314,0,319686
review_only,246,13427,13203,0,319797
review_only,247,13572,13338,0,319662
review_only,248,13529,13314,0,319686
review_only,249,13549,13317,0,319683
review_only,250,13441,13231,0,319769
review_only,251,13422,13201,0,319799
review_only,252,13571,13354,0,319646
review_only,253,13553,13320,0,319680
review_only,254,13382,13162,0,319838
review_only,255,13515,13306,0,319694
review_only,256,13566,13337,0,319663
review_only,257,13589,13352,0,319648
review_only,258,13558,13346,0,319654
review_only,259,13504,13290,0,319710
review_only,260,13494,13288,0,319712
review_only,261,13625,13400,0,319600
review_only,262,13607,13391,0,319609
review_only,263,13440,13231,0,319769
review_only,264,13480,13250,0,319750
review_only,265,13530,13323,0,319677
review_only,266,13572,13361,0,319639
review_only,267,13502,13287,0,319713
review_only,268,13625,13399,0,319601
review_only,269,13431,13222,0,319778
review_only,270,13522,13299,0,319701
review_only,271,13439,13221,0,319779
review_only,272,13529,13311,0,319689
review_only,273,13552,13331,0,319669
review_only,274,13589,13369,0,319631
review_only,275,13574,13360,0,319640
review_only,276,13489,13272,0,319728
review_only,277,13544,13331,0,319669
review_only,278,13592,13372,0,319628
review_only,279,13570,13350,0,319650
review_only,280,13609,13382,0,319618
review_only,281,13593,13362,0,319638
review_only,282,13544,13334,0,319666
review_only,283,13454,13241,0,319759
review_only,284,13412,13195,0,319805
review_only,285,13587,13362,0,319638
review_only,286,13519,13274,0,319726
review_only,287,13475,13241,0,319759
review_only,288,13477,13248,0,319752
review_only,289,13466,13251,0,319749
review_only,290,13507,13281,0,319719
review_only,291,13545,13318,0,319682
review_only,292,13616,13418,0,319582
review_only,293,13420,13218,0,319782
review_only,294,13624,13394,0,319606
review_only,295,13500,13282,0,319718
review_only,296,13590,13382,0,319618
review_only,297,13662,13429,0,319571
review_only,298,13684,13456,0,319544
review_only,299,13458,13245,0,319755
review_only,300,13568,13345,0,319655
review_only,301,13416,13215,0,319785
review_only,302,13355,13133,0,319867
review_only,303,13617,13389,0,319611
review_only,304,13523,13312,0,319688
review_only,305,13412,13184,0,319816
review_only,306,13498,13282,0,319718
review_only,307,13484,13264,0,319736
review_only,308,13511,13289,0,319711
review_only,309,13353,13135,0,319865
review_only,310,13489,13270,0,319730
review_only,311,13521,13299,0,319701
review_only,312,13617,13389,0,319611
review_only,313,13549,13311,0,319689
review_only,314,13456,13231,0,319769
review_only,315,13560,13342,0,319658
review_only,316,13502,13289,0,319711
review_only,317,13408,13201,0,319799
review_only,318,13481,13260,0,319740
review_only,319,13396,13196,0,319804
review_only,320,13541,13307,0,319693
review_only,321,13629,13400,0,319600
review_only,322,13550,13333,0,319667
review_only,323,13426,13205,0,319795
review_only,324,13474,13259,0,319741
review_only,325,13546,13325,0,319675
review_only,326,13496,13271,0,319729
review_only,327,13655,13427,0,319573
review_only,328,13611,13387,0,319613
review_only,329,13619,13390,0,319610
review_only,330,13583,13368,0,319632
review_only,331,13564,13343,0,319657
review_only,332,13590,13369,0,319631
review_only,333,13535,13325,0,319675
review_only,334,13536,13313,0,319687
review_only,335,13489,13271,0,319729
review_only,336,13548,13339,0,319661
review_only,337,13509,13302,0,319698
review_only,338,13560,13334,0,319666
review_only,339,13501,13277,0,319723
review_only,340,13570,13357,0,319643
review_only,341,13444,13233,0,319767
review_only,342,13520,13299,0,319701
review_only,343,13570,13350,0,319650
review_only,344,13511,13283,0,319717
review_only,345,13637,13426,0,319574
review_only,346,13527,13306,0,319694
review_only,347,13579,13366,0,319634
review_only,348,13487,13277,0,319723
review_only,349,13555,13327,0,319673
review_only,350,13513,13294,0,319706
review_only,351,13583,13374,0,319626
review_only,352,13530,13318,0,319682
review_only,353,13526,13300,0,319700
review_only,354,13497,13281,0,319719
review_only,355,13579,13353,0,319647
review_only,356,13583,13362,0,319638
review_only,357,13581,13348,0,319652
review_only,358,13653,13435,0,319565
review_only,359,13663,13431,0,319569
review_only,360,13487,13257,0,319743
review_only,361,13707,13494,0,319506
review_only,362,13353,13145,0,319855
review_only,363,13617,13400,0,319600
review_only,364,13507,13283,0,319717
review_only,365,13347,13130,0,319870
review_only,366,13557,13337,0,319663
review_only,367,13579,13369,0,319631
review_only,368,13628,13397,0,319603
review_only,369,13553,13329,0,319671
review_only,370,13438,13218,0,319782
review_only,371,13448,13235,0,319765
review_only,372,13515,13307,0,319693
review_only,373,13526,13304,0,319696
review_only,374,13640,13407,0,319593
review_only,375,13660,13429,0,319571
review_only,376,13664,13433,0,319567
review_only,377,13585,13355,0,319645
review_only,378,13679,13457,0,319543
review_only,379,13595,13375,0,319625
review_only,380,13566,13349,0,319651
review_only,381,13460,13235,0,319765
review_only,382,13589,13372,0,319628
review_only,383,13500,13291,0,319709
review_only,384,13481,13251,0,319749
review_only,385,13627,13395,0,319605
review_only,386,13600,13379,0,319621
review_only,387,13431,13224,0,319776
review_only,388,13560,13335,0,319665
review_only,389,13506,13288,0,319712
review_only,390,13581,13356,0,319644
review_only,391,13584,13356,0,319644
review_only,392,13507,13300,0,319700
review_only,393,13450,13228,0,319772
review_only,394,13577,13352,0,319648
review_only,395,13487,13274,0,319726
review_only,396,13437,13231,0,319769
review_only,397,13614,13395,0,319605
review_only,398,13611,13385,0,319615
review_only,399,13571,13348,0,319652
review_only,400,13526,13311,0,319689
review_only,401,13609,13389,0,319611
review_only,402,13585,13359,0,319641
review_only,403,13495,13279,0,319721
review_only,404,13602,13368,0,319632
review_only,405,13509,13295,0,319705
review_only,406,13390,13169,0,319831
review_only,407,13597,13374,0,319626
review_only,408,13561,13343,0,319657
review_only,409,13541,13330,0,319670
review_only,410,13639,13395,0,319605
review_only,411,13567,13346,0,319654
review_only,412,13590,13360,0,319640
review_only,413,13492,13274,0,319726
review_only,414,13526,13311,0,319689
review_only,415,13530,13301,0,319699
review_only,416,13627,13406,0,319594
review_only,417,13394,13186,0,319814
review_only,418,13593,13372,0,319628
review_only,419,13527,13294,0,319706
review_only,420,13547,13327,0,319673
review_only,421,13531,13305,0,319695
review_only,422,13531,13322,0,319678
review_only,423,13491,13275,0,319725
review_only,424,13470,13261,0,319739
review_only,425,13506,13300,0,319700
review_only,426,13590,13367,0,319633
review_only,427,13549,13321,0,319679
review_only,428,13492,13283,0,319717
review_only,429,13547,13322,0,319678
review_only,430,13574,13344,0,319656
review_only,431,13621,13401,0,319599
review_only,432,13449,13238,0,319762
review_only,433,13530,13313,0,319687
review_only,434,13499,13288,0,319712
review_only,435,13539,13319,0,319681
review_only,436,13588,13373,0,319627
review_only,437,13497,13276,0,319724
review_only,438,13612,13394,0,319606
review_only,439,13601,13383,0,319617
review_only,440,13302,13078,0,319922
review_only,441,13532,13323,0,319677
review_only,442,13542,13321,0,319679
review_only,443,13534,13316,0,319684
review_only,444,13539,13324,0,319676
review_only,445,13522,13304,0,319696
review_only,446,13611,13379,0,319621
review_only,447,13550,13331,0,319669
review_only,448,13497,13261,0,319739
review_only,449,13500,13293,0,319707
review_only,450,13493,13276,0,319724
review_only,451,13528,13323,0,319677
review_only,452,13397,13185,0,319815
review_only,453,13453,13245,0,319755
review_only,454,13532,13302,0,319698
review_only,455,13591,13362,0,319638
review_only,456,13445,13227,0,319773
review_only,457,13446,13227,0,319773
review_only,458,13524,13305,0,319695
review_only,459,13394,13183,0,319817
review_only,460,13458,13242,0,319758
review_only,461,13441,13238,0,319762
review_only,462,13465,13258,0,319742
review_only,463,13606,13381,0,319619
review_only,464,13510,13289,0,319711
review_only,465,13558,13342,0,319658
review_only,466,13519,13287,0,319713
review_only,467,13489,13278,0,319722
review_only,468,13497,13276,0,319724
review_only,469,13459,13248,0,319752
review_only,470,13553,13331,0,319669
review_only,471,13661,13427,0,319573
review_only,472,13591,13352,0,319648
review_only,473,13592,13378,0,319622
review_only,474,13547,13330,0,319670
review_only,475,13521,13302,0,319698
review_only,476,13486,13268,0,319732
review_only,477,13560,13342,0,319658
review_only,478,13604,13376,0,319624
review_only,479,13555,13337,0,319663
review_only,480,13442,13232,0,319768
review_only,481,13542,13321,0,319679
review_only,482,13444,13224,0,319776
review_only,483,13586,13372,0,319628
review_only,484,13617,13392,0,319608
review_only,485,13465,13257,0,319743
review_only,486,13603,13384,0,319616
review_only,487,13587,13375,0,319625
review_only,488,13527,13294,0,319706
review_only,489,13514,13284,0,319716
review_only,490,13601,13385,0,319615
review_only,491,13477,13276,0,319724
review_only,492,13483,13277,0,319723
review_only,493,13631,13401,0,319599
review_only,494,13574,13347,0,319653
review_only,495,13626,13407,0,319593
review_only,496,13510,13296,0,319704
review_only,497,13536,13317,0,319683
review_only,498,13418,13193,0,319807
review_only,499,13567,13346,0,319654
review_only,500,13573,13339,0,319661
all_unresolved,1,17880,17619,0,315381
all_unresolved,2,18194,17924,0,315076
all_unresolved,3,18127,17868,0,315132
all_unresolved,4,17993,17735,0,315265
all_unresolved,5,17933,17685,0,315315
all_unresolved,6,18256,18000,0,315000
all_unresolved,7,17958,17683,0,315317
all_unresolved,8,18136,17884,0,315116
all_unresolved,9,18261,17988,0,315012
all_unresolved,10,18119,17845,0,315155
all_unresolved,11,18034,17782,0,315218
all_unresolved,12,18269,18003,0,314997
all_unresolved,13,17910,17647,0,315353
all_unresolved,14,18019,17761,0,315239
all_unresolved,15,18110,17863,0,315137
all_unresolved,16,18228,17973,0,315027
all_unresolved,17,18212,17951,0,315049
all_unresolved,18,18199,17931,0,315069
all_unresolved,19,18005,17737,0,315263
all_unresolved,20,17963,17715,0,315285
all_unresolved,21,18029,17761,0,315239
all_unresolved,22,17908,17646,0,315354
all_unresolved,23,18056,17802,0,315198
all_unresolved,24,18267,18013,0,314987
all_unresolved,25,18019,17773,0,315227
all_unresolved,26,18060,17807,0,315193
all_unresolved,27,18128,17878,0,315122
all_unresolved,28,18241,17974,0,315026
all_unresolved,29,18073,17797,0,315203
all_unresolved,30,18232,17982,0,315018
all_unresolved,31,18135,17875,0,315125
all_unresolved,32,17965,17726,0,315274
all_unresolved,33,18127,17881,0,315119
all_unresolved,34,18242,17982,0,315018
all_unresolved,35,18076,17820,0,315180
all_unresolved,36,18083,17831,0,315169
all_unresolved,37,18144,17898,0,315102
all_unresolved,38,18198,17934,0,315066
all_unresolved,39,18060,17821,0,315179
all_unresolved,40,18080,17825,0,315175
all_unresolved,41,18101,17838,0,315162
all_unresolved,42,17849,17605,0,315395
all_unresolved,43,18058,17811,0,315189
all_unresolved,44,18200,17928,0,315072
all_unresolved,45,18072,17825,0,315175
all_unresolved,46,17961,17701,0,315299
all_unresolved,47,18260,17995,0,315005
all_unresolved,48,18265,18008,0,314992
all_unresolved,49,18140,17889,0,315111
all_unresolved,50,18086,17829,0,315171
all_unresolved,51,18078,17826,0,315174
all_unresolved,52,18149,17880,0,315120
all_unresolved,53,17871,17608,0,315392
all_unresolved,54,17889,17635,0,315365
all_unresolved,55,18061,17801,0,315199
all_unresolved,56,17774,17528,0,315472
all_unresolved,57,18124,17849,0,315151
all_unresolved,58,17950,17696,0,315304
all_unresolved,59,17960,17707,0,315293
all_unresolved,60,17965,17702,0,315298
all_unresolved,61,17924,17692,0,315308
all_unresolved,62,18137,17882,0,315118
all_unresolved,63,18174,17935,0,315065
all_unresolved,64,17971,17714,0,315286
all_unresolved,65,18036,17773,0,315227
all_unresolved,66,18018,17753,0,315247
all_unresolved,67,18141,17874,0,315126
all_unresolved,68,18102,17845,0,315155
all_unresolved,69,18046,17801,0,315199
all_unresolved,70,18042,17786,0,315214
all_unresolved,71,18044,17802,0,315198
all_unresolved,72,18261,18001,0,314999
all_unresolved,73,18085,17819,0,315181
all_unresolved,74,18044,17799,0,315201
all_unresolved,75,17999,17748,0,315252
all_unresolved,76,18295,18018,0,314982
all_unresolved,77,18001,17727,0,315273
all_unresolved,78,18138,17868,0,315132
all_unresolved,79,18010,17745,0,315255
all_unresolved,80,17956,17696,0,315304
all_unresolved,81,17894,17638,0,315362
all_unresolved,82,18043,17791,0,315209
all_unresolved,83,18107,17851,0,315149
all_unresolved,84,18128,17868,0,315132
all_unresolved,85,18068,17808,0,315192
all_unresolved,86,18120,17860,0,315140
all_unresolved,87,18100,17858,0,315142
all_unresolved,88,18152,17897,0,315103
all_unresolved,89,18097,17844,0,315156
all_unresolved,90,17901,17648,0,315352
all_unresolved,91,18181,17922,0,315078
all_unresolved,92,18147,17868,0,315132
all_unresolved,93,18025,17777,0,315223
all_unresolved,94,18242,17966,0,315034
all_unresolved,95,18166,17909,0,315091
all_unresolved,96,18110,17864,0,315136
all_unresolved,97,18030,17770,0,315230
all_unresolved,98,17876,17623,0,315377
all_unresolved,99,18023,17770,0,315230
all_unresolved,100,18127,17861,0,315139
all_unresolved,101,18072,17827,0,315173
all_unresolved,102,18087,17822,0,315178
all_unresolved,103,18103,17831,0,315169
all_unresolved,104,17985,17720,0,315280
all_unresolved,105,18108,17852,0,315148
all_unresolved,106,18214,17942,0,315058
all_unresolved,107,18171,17910,0,315090
all_unresolved,108,18088,17844,0,315156
all_unresolved,109,18069,17822,0,315178
all_unresolved,110,18160,17903,0,315097
all_unresolved,111,18270,18012,0,314988
all_unresolved,112,18113,17839,0,315161
all_unresolved,113,17825,17583,0,315417
all_unresolved,114,18039,17801,0,315199
all_unresolved,115,18135,17875,0,315125
all_unresolved,116,18047,17781,0,315219
all_unresolved,117,18011,17765,0,315235
all_unresolved,118,18044,17794,0,315206
all_unresolved,119,18171,17915,0,315085
all_unresolved,120,18195,17966,0,315034
all_unresolved,121,18050,17796,0,315204
all_unresolved,122,18060,17809,0,315191
all_unresolved,123,18057,17790,0,315210
all_unresolved,124,18052,17800,0,315200
all_unresolved,125,18329,18048,0,314952
all_unresolved,126,18126,17868,0,315132
all_unresolved,127,18146,17886,0,315114
all_unresolved,128,18021,17776,0,315224
all_unresolved,129,18227,17943,0,315057
all_unresolved,130,18228,17973,0,315027
all_unresolved,131,18008,17745,0,315255
all_unresolved,132,18217,17941,0,315059
all_unresolved,133,18022,17752,0,315248
all_unresolved,134,18249,17984,0,315016
all_unresolved,135,18127,17843,0,315157
all_unresolved,136,18126,17859,0,315141
all_unresolved,137,17981,17719,0,315281
all_unresolved,138,18137,17884,0,315116
all_unresolved,139,18278,17999,0,315001
all_unresolved,140,18261,18012,0,314988
all_unresolved,141,18032,17784,0,315216
all_unresolved,142,18043,17796,0,315204
all_unresolved,143,18072,17821,0,315179
all_unresolved,144,18006,17754,0,315246
all_unresolved,145,18159,17896,0,315104
all_unresolved,146,18045,17803,0,315197
all_unresolved,147,18126,17873,0,315127
all_unresolved,148,18097,17835,0,315165
all_unresolved,149,17984,17740,0,315260
all_unresolved,150,18165,17902,0,315098
all_unresolved,151,18073,17813,0,315187
all_unresolved,152,18075,17806,0,315194
all_unresolved,153,17868,17614,0,315386
all_unresolved,154,18068,17802,0,315198
all_unresolved,155,18049,17791,0,315209
all_unresolved,156,17985,17736,0,315264
all_unresolved,157,18041,17783,0,315217
all_unresolved,158,18146,17896,0,315104
all_unresolved,159,18071,17835,0,315165
all_unresolved,160,17972,17706,0,315294
all_unresolved,161,17954,17711,0,315289
all_unresolved,162,18053,17787,0,315213
all_unresolved,163,17978,17729,0,315271
all_unresolved,164,17842,17586,0,315414
all_unresolved,165,18057,17795,0,315205
all_unresolved,166,18048,17798,0,315202
all_unresolved,167,18061,17805,0,315195
all_unresolved,168,18114,17880,0,315120
all_unresolved,169,17987,17725,0,315275
all_unresolved,170,18193,17931,0,315069
all_unresolved,171,18051,17789,0,315211
all_unresolved,172,18126,17881,0,315119
all_unresolved,173,17962,17708,0,315292
all_unresolved,174,18030,17778,0,315222
all_unresolved,175,18102,17844,0,315156
all_unresolved,176,18103,17831,0,315169
all_unresolved,177,18085,17815,0,315185
all_unresolved,178,18026,17780,0,315220
all_unresolved,179,18147,17886,0,315114
all_unresolved,180,17868,17626,0,315374
all_unresolved,181,18183,17924,0,315076
all_unresolved,182,18052,17789,0,315211
all_unresolved,183,18086,17815,0,315185
all_unresolved,184,18065,17822,0,315178
all_unresolved,185,18096,17848,0,315152
all_unresolved,186,18187,17911,0,315089
all_unresolved,187,18105,17856,0,315144
all_unresolved,188,18223,17957,0,315043
all_unresolved,189,18042,17791,0,315209
all_unresolved,190,18099,17834,0,315166
all_unresolved,191,18024,17764,0,315236
all_unresolved,192,18088,17830,0,315170
all_unresolved,193,18094,17807,0,315193
all_unresolved,194,18120,17842,0,315158
all_unresolved,195,18153,17889,0,315111
all_unresolved,196,18198,17931,0,315069
all_unresolved,197,18094,17836,0,315164
all_unresolved,198,18124,17870,0,315130
all_unresolved,199,18109,17857,0,315143
all_unresolved,200,17969,17722,0,315278
all_unresolved,201,18159,17900,0,315100
all_unresolved,202,18132,17864,0,315136
all_unresolved,203,18082,17817,0,315183
all_unresolved,204,18116,17848,0,315152
all_unresolved,205,18047,17785,0,315215
all_unresolved,206,18077,17820,0,315180
all_unresolved,207,18073,17822,0,315178
all_unresolved,208,18180,17907,0,315093
all_unresolved,209,18001,17736,0,315264
all_unresolved,210,18200,17931,0,315069
all_unresolved,211,18145,17903,0,315097
all_unresolved,212,18074,17822,0,315178
all_unresolved,213,18117,17866,0,315134
all_unresolved,214,18039,17798,0,315202
all_unresolved,215,17877,17650,0,315350
all_unresolved,216,17954,17691,0,315309
all_unresolved,217,18052,17793,0,315207
all_unresolved,218,18202,17943,0,315057
all_unresolved,219,18241,17974,0,315026
all_unresolved,220,18098,17805,0,315195
all_unresolved,221,18203,17941,0,315059
all_unresolved,222,17955,17699,0,315301
all_unresolved,223,18057,17796,0,315204
all_unresolved,224,18166,17897,0,315103
all_unresolved,225,17863,17610,0,315390
all_unresolved,226,17976,17720,0,315280
all_unresolved,227,18016,17753,0,315247
all_unresolved,228,18020,17760,0,315240
all_unresolved,229,18116,17862,0,315138
all_unresolved,230,18126,17852,0,315148
all_unresolved,231,17983,17734,0,315266
all_unresolved,232,18077,17811,0,315189
all_unresolved,233,17884,17638,0,315362
all_unresolved,234,18002,17749,0,315251
all_unresolved,235,18034,17768,0,315232
all_unresolved,236,18086,17817,0,315183
all_unresolved,237,18141,17883,0,315117
all_unresolved,238,18129,17855,0,315145
all_unresolved,239,17939,17685,0,315315
all_unresolved,240,17970,17737,0,315263
all_unresolved,241,18173,17910,0,315090
all_unresolved,242,17974,17725,0,315275
all_unresolved,243,18116,17861,0,315139
all_unresolved,244,18152,17881,0,315119
all_unresolved,245,18104,17839,0,315161
all_unresolved,246,18158,17895,0,315105
all_unresolved,247,18182,17904,0,315096
all_unresolved,248,18283,18013,0,314987
all_unresolved,249,18098,17846,0,315154
all_unresolved,250,18079,17832,0,315168
all_unresolved,251,18228,17953,0,315047
all_unresolved,252,18269,18003,0,314997
all_unresolved,253,18156,17898,0,315102
all_unresolved,254,18017,17785,0,315215
all_unresolved,255,18068,17812,0,315188
all_unresolved,256,18159,17895,0,315105
all_unresolved,257,17976,17700,0,315300
all_unresolved,258,18208,17951,0,315049
all_unresolved,259,18181,17913,0,315087
all_unresolved,260,18077,17823,0,315177
all_unresolved,261,18000,17741,0,315259
all_unresolved,262,18072,17817,0,315183
all_unresolved,263,18001,17749,0,315251
all_unresolved,264,18131,17875,0,315125
all_unresolved,265,18105,17839,0,315161
all_unresolved,266,17890,17631,0,315369
all_unresolved,267,18149,17910,0,315090
all_unresolved,268,17955,17706,0,315294
all_unresolved,269,18153,17907,0,315093
all_unresolved,270,18111,17857,0,315143
all_unresolved,271,18106,17838,0,315162
all_unresolved,272,18050,17789,0,315211
all_unresolved,273,17934,17675,0,315325
all_unresolved,274,18195,17928,0,315072
all_unresolved,275,17973,17728,0,315272
all_unresolved,276,17916,17665,0,315335
all_unresolved,277,18058,17819,0,315181
all_unresolved,278,18328,18063,0,314937
all_unresolved,279,18040,17784,0,315216
all_unresolved,280,18057,17787,0,315213
all_unresolved,281,17969,17705,0,315295
all_unresolved,282,18091,17825,0,315175
all_unresolved,283,18032,17775,0,315225
all_unresolved,284,18120,17862,0,315138
all_unresolved,285,18006,17749,0,315251
all_unresolved,286,17954,17694,0,315306
all_unresolved,287,18318,18060,0,314940
all_unresolved,288,18122,17868,0,315132
all_unresolved,289,18273,18016,0,314984
all_unresolved,290,18165,17904,0,315096
all_unresolved,291,18125,17861,0,315139
all_unresolved,292,17904,17673,0,315327
all_unresolved,293,17868,17630,0,315370
all_unresolved,294,18223,17952,0,315048
all_unresolved,295,18062,17787,0,315213
all_unresolved,296,17953,17714,0,315286
all_unresolved,297,18208,17954,0,315046
all_unresolved,298,18122,17868,0,315132
all_unresolved,299,18176,17905,0,315095
all_unresolved,300,17843,17590,0,315410
all_unresolved,301,18121,17853,0,315147
all_unresolved,302,18168,17907,0,315093
all_unresolved,303,18032,17771,0,315229
all_unresolved,304,18139,17872,0,315128
all_unresolved,305,17975,17719,0,315281
all_unresolved,306,17919,17660,0,315340
all_unresolved,307,18010,17736,0,315264
all_unresolved,308,18331,18040,0,314960
all_unresolved,309,18182,17927,0,315073
all_unresolved,310,18102,17858,0,315142
all_unresolved,311,17956,17717,0,315283
all_unresolved,312,18043,17780,0,315220
all_unresolved,313,18147,17882,0,315118
all_unresolved,314,17775,17533,0,315467
all_unresolved,315,18136,17879,0,315121
all_unresolved,316,18025,17757,0,315243
all_unresolved,317,18030,17780,0,315220
all_unresolved,318,18048,17782,0,315218
all_unresolved,319,18125,17859,0,315141
all_unresolved,320,18127,17860,0,315140
all_unresolved,321,17900,17640,0,315360
all_unresolved,322,17994,17741,0,315259
all_unresolved,323,17969,17699,0,315301
all_unresolved,324,18323,18059,0,314941
all_unresolved,325,17979,17730,0,315270
all_unresolved,326,17991,17740,0,315260
all_unresolved,327,17901,17643,0,315357
all_unresolved,328,18190,17938,0,315062
all_unresolved,329,18120,17855,0,315145
all_unresolved,330,18021,17747,0,315253
all_unresolved,331,18098,17847,0,315153
all_unresolved,332,18227,17956,0,315044
all_unresolved,333,18026,17763,0,315237
all_unresolved,334,18067,17805,0,315195
all_unresolved,335,18035,17766,0,315234
all_unresolved,336,17895,17631,0,315369
all_unresolved,337,18172,17894,0,315106
all_unresolved,338,18040,17786,0,315214
all_unresolved,339,18189,17925,0,315075
all_unresolved,340,18189,17924,0,315076
all_unresolved,341,18168,17919,0,315081
all_unresolved,342,18092,17830,0,315170
all_unresolved,343,18092,17853,0,315147
all_unresolved,344,18029,17779,0,315221
all_unresolved,345,17994,17729,0,315271
all_unresolved,346,18087,17833,0,315167
all_unresolved,347,18110,17853,0,315147
all_unresolved,348,18087,17827,0,315173
all_unresolved,349,17962,17713,0,315287
all_unresolved,350,18189,17930,0,315070
all_unresolved,351,18075,17813,0,315187
all_unresolved,352,18193,17946,0,315054
all_unresolved,353,17944,17698,0,315302
all_unresolved,354,18083,17828,0,315172
all_unresolved,355,18256,17997,0,315003
all_unresolved,356,18187,17925,0,315075
all_unresolved,357,18040,17770,0,315230
all_unresolved,358,18093,17838,0,315162
all_unresolved,359,17931,17679,0,315321
all_unresolved,360,18040,17795,0,315205
all_unresolved,361,17981,17724,0,315276
all_unresolved,362,18124,17858,0,315142
all_unresolved,363,18088,17825,0,315175
all_unresolved,364,18192,17921,0,315079
all_unresolved,365,18177,17907,0,315093
all_unresolved,366,18107,17850,0,315150
all_unresolved,367,18136,17868,0,315132
all_unresolved,368,17984,17755,0,315245
all_unresolved,369,18058,17784,0,315216
all_unresolved,370,17986,17727,0,315273
all_unresolved,371,17905,17650,0,315350
all_unresolved,372,18059,17803,0,315197
all_unresolved,373,18039,17774,0,315226
all_unresolved,374,18005,17752,0,315248
all_unresolved,375,18061,17817,0,315183
all_unresolved,376,18104,17837,0,315163
all_unresolved,377,18036,17781,0,315219
all_unresolved,378,18030,17766,0,315234
all_unresolved,379,17861,17606,0,315394
all_unresolved,380,17992,17750,0,315250
all_unresolved,381,18206,17933,0,315067
all_unresolved,382,18128,17867,0,315133
all_unresolved,383,17903,17651,0,315349
all_unresolved,384,18084,17823,0,315177
all_unresolved,385,17886,17629,0,315371
all_unresolved,386,18018,17759,0,315241
all_unresolved,387,18127,17877,0,315123
all_unresolved,388,17929,17671,0,315329
all_unresolved,389,18145,17852,0,315148
all_unresolved,390,18068,17802,0,315198
all_unresolved,391,18167,17906,0,315094
all_unresolved,392,18093,17824,0,315176
all_unresolved,393,18078,17802,0,315198
all_unresolved,394,18219,17959,0,315041
all_unresolved,395,18292,18015,0,314985
all_unresolved,396,18316,18059,0,314941
all_unresolved,397,18103,17850,0,315150
all_unresolved,398,17942,17694,0,315306
all_unresolved,399,18186,17929,0,315071
all_unresolved,400,18039,17805,0,315195
all_unresolved,401,18159,17888,0,315112
all_unresolved,402,17919,17662,0,315338
all_unresolved,403,17964,17703,0,315297
all_unresolved,404,18094,17846,0,315154
all_unresolved,405,18146,17888,0,315112
all_unresolved,406,18145,17896,0,315104
all_unresolved,407,18084,17805,0,315195
all_unresolved,408,18148,17896,0,315104
all_unresolved,409,18249,17990,0,315010
all_unresolved,410,18114,17861,0,315139
all_unresolved,411,18287,18031,0,314969
all_unresolved,412,18092,17831,0,315169
all_unresolved,413,18067,17827,0,315173
all_unresolved,414,17927,17679,0,315321
all_unresolved,415,17993,17734,0,315266
all_unresolved,416,18054,17794,0,315206
all_unresolved,417,18251,17992,0,315008
all_unresolved,418,18207,17955,0,315045
all_unresolved,419,17948,17685,0,315315
all_unresolved,420,18084,17833,0,315167
all_unresolved,421,18118,17847,0,315153
all_unresolved,422,18091,17817,0,315183
all_unresolved,423,18135,17866,0,315134
all_unresolved,424,18091,17829,0,315171
all_unresolved,425,18204,17931,0,315069
all_unresolved,426,18098,17844,0,315156
all_unresolved,427,18093,17839,0,315161
all_unresolved,428,18022,17761,0,315239
all_unresolved,429,17978,17725,0,315275
all_unresolved,430,18044,17770,0,315230
all_unresolved,431,18270,18020,0,314980
all_unresolved,432,18016,17784,0,315216
all_unresolved,433,18065,17816,0,315184
all_unresolved,434,18038,17794,0,315206
all_unresolved,435,18052,17791,0,315209
all_unresolved,436,18138,17867,0,315133
all_unresolved,437,18299,18024,0,314976
all_unresolved,438,18104,17862,0,315138
all_unresolved,439,17803,17549,0,315451
all_unresolved,440,17865,17600,0,315400
all_unresolved,441,18312,18064,0,314936
all_unresolved,442,18199,17953,0,315047
all_unresolved,443,18190,17942,0,315058
all_unresolved,444,18145,17887,0,315113
all_unresolved,445,18134,17865,0,315135
all_unresolved,446,18087,17840,0,315160
all_unresolved,447,17917,17655,0,315345
all_unresolved,448,17964,17720,0,315280
all_unresolved,449,18078,17809,0,315191
all_unresolved,450,18276,18020,0,314980
all_unresolved,451,18245,17986,0,315014
all_unresolved,452,18249,17982,0,315018
all_unresolved,453,18035,17783,0,315217
all_unresolved,454,18266,18001,0,314999
all_unresolved,455,18046,17795,0,315205
all_unresolved,456,18207,17956,0,315044
all_unresolved,457,18047,17805,0,315195
all_unresolved,458,17987,17736,0,315264
all_unresolved,459,18007,17753,0,315247
all_unresolved,460,17971,17722,0,315278
all_unresolved,461,17901,17653,0,315347
all_unresolved,462,18009,17754,0,315246
all_unresolved,463,17978,17715,0,315285
all_unresolved,464,18152,17895,0,315105
all_unresolved,465,18007,17752,0,315248
all_unresolved,466,18142,17898,0,315102
all_unresolved,467,18166,17900,0,315100
all_unresolved,468,18126,17864,0,315136
all_unresolved,469,17944,17700,0,315300
all_unresolved,470,18064,17804,0,315196
all_unresolved,471,18019,17765,0,315235
all_unresolved,472,17980,17734,0,315266
all_unresolved,473,18109,17860,0,315140
all_unresolved,474,17887,17628,0,315372
all_unresolved,475,18036,17770,0,315230
all_unresolved,476,18131,17874,0,315126
all_unresolved,477,18407,18141,0,314859
all_unresolved,478,17900,17649,0,315351
all_unresolved,479,18101,17843,0,315157
all_unresolved,480,18059,17793,0,315207
all_unresolved,481,18057,17806,0,315194
all_unresolved,482,17644,17409,0,315591
all_unresolved,483,18122,17866,0,315134
all_unresolved,484,18109,17854,0,315146
all_unresolved,485,18091,17841,0,315159
all_unresolved,486,18251,17991,0,315009
all_unresolved,487,18086,17826,0,315174
all_unresolved,488,18123,17861,0,315139
all_unresolved,489,18171,17899,0,315101
all_unresolved,490,18266,17994,0,315006
all_unresolved,491,18161,17890,0,315110
all_unresolved,492,17958,17693,0,315307
all_unresolved,493,18062,17805,0,315195
all_unresolved,494,18060,17799,0,315201
all_unresolved,495,18079,17813,0,315187
all_unresolved,496,18054,17802,0,315198
all_unresolved,497,18033,17769,0,315231
all_unresolved,498,18055,17806,0,315194
all_unresolved,499,18138,17884,0,315116
all_unresolved,500,18052,17781,0,315219
